Country,Flag,Capital,Wiki,Edge_Pic
Andorra,flags-normal/ad.png,Andorra le Vella,https://en.wikipedia.org/wiki/Andorra,cannyCountries/ad.png
The United Arab Emirates,flags-normal/ae.png,Abu Dhabi,https://en.wikipedia.org/wiki/United_Arab_Emirates,cannyCountries/ae.png
Afghanistan,flags-normal/af.png,Kabul,https://en.wikipedia.org/wiki/Afghanistan,cannyCountries/af.png
Antigua and Barbuda,flags-normal/ag.png,St. John's,https://en.wikipedia.org/wiki/Antigua_and_Barbuda,cannyCountries/ag.png
Albania,flags-normal/al.png,Tirana,https://en.wikipedia.org/wiki/Albania,cannyCountries/al.png
Armenia,flags-normal/am.png,Yerevan,https://en.wikipedia.org/wiki/Armenia,cannyCountries/am.png
Angola,flags-normal/ao.png,Luanda,https://en.wikipedia.org/wiki/Angola,cannyCountries/ao.png
Argentina,flags-normal/ar.png,Buenos Aires,https://en.wikipedia.org/wiki/Argentina,cannyCountries/ar.png
Austria,flags-normal/at.png,Vienna,https://en.wikipedia.org/wiki/Austria,cannyCountries/at.png
Australia,flags-normal/au.png,Canberra,https://en.wikipedia.org/wiki/Australia,cannyCountries/au.png
Azerbaijan,flags-normal/az.png,Baku,https://en.wikipedia.org/wiki/Azerbaijan,cannyCountries/az.png
Bosnia and Herzegovina,flags-normal/ba.png,Sarajevo,https://en.wikipedia.org/wiki/Bosnia_and_Herzegovina,cannyCountries/ba.png
Barbados,flags-normal/bb.png,Bridgetown,https://en.wikipedia.org/wiki/Barbados,cannyCountries/bb.png
Bangladesh,flags-normal/bd.png,Dhaka,https://en.wikipedia.org/wiki/Bangladesh,cannyCountries/bd.png
Belgium,flags-normal/be.png,Brussels,https://en.wikipedia.org/wiki/Belgium,cannyCountries/be.png
Burkina Faso,flags-normal/bf.png,Ouagadougou,https://en.wikipedia.org/wiki/Burkina_Faso,cannyCountries/bf.png
Bulgaria,flags-normal/bg.png,Sofia,https://en.wikipedia.org/wiki/Bulgaria,cannyCountries/bg.png
Bahrain,flags-normal/bh.png,Manama,https://en.wikipedia.org/wiki/Bahrain,cannyCountries/bh.png
Burundi,flags-normal/bi.png,Bujumbura,https://en.wikipedia.org/wiki/Burundi,cannyCountries/bi.png
Benin,flags-normal/bj.png,Porto-Novo,https://en.wikipedia.org/wiki/Benin,cannyCountries/bj.png
Brunei,flags-normal/bn.png,Bandar Seri Begawan,https://en.wikipedia.org/wiki/Brunei,cannyCountries/bn.png
Bolivia,flags-normal/bo.png,Sucre,https://en.wikipedia.org/wiki/Bolivia,cannyCountries/bo.png
Brazil,flags-normal/br.png,Brasília,https://en.wikipedia.org/wiki/Brazil,cannyCountries/br.png
The Bahamas,flags-normal/bs.png,Nassau,https://en.wikipedia.org/wiki/The_Bahamas,cannyCountries/bs.png
Bhutan,flags-normal/bt.png,Thimphu,https://en.wikipedia.org/wiki/Bhutan,cannyCountries/bt.png
Botswana,flags-normal/bw.png,Gaborone,https://en.wikipedia.org/wiki/Botswana,cannyCountries/bw.png
Belarus,flags-normal/by.png,Minsk,https://en.wikipedia.org/wiki/Belarus,cannyCountries/by.png
Belize,flags-normal/bz.png,Belmopan,https://en.wikipedia.org/wiki/Belize,cannyCountries/bz.png
Canada,flags-normal/ca.png,Ottawa,https://en.wikipedia.org/wiki/Canada,cannyCountries/ca.png
The Democratic Republic of Congo,flags-normal/cd.png,Kinshasa,https://en.wikipedia.org/wiki/Democratic_Republic_of_the_Congo,cannyCountries/cd.png
The Central African Republic,flags-normal/cf.png,Bangui,https://en.wikipedia.org/wiki/Central_African_Republic,cannyCountries/cf.png
The Republic of Congo,flags-normal/cg.png,Brazzaville,https://en.wikipedia.org/wiki/Flag_of_the_Republic_of_the_Congo,cannyCountries/cg.png
Switzerland,flags-normal/ch.png,Bern,https://en.wikipedia.org/wiki/Switzerland,cannyCountries/ch.png
Cote d'Ivoire,flags-normal/ci.png,Yamoussoukro,https://en.wikipedia.org/wiki/Ivory_Coast,cannyCountries/ci.png
Chile,flags-normal/cl.png,Santiago,https://en.wikipedia.org/wiki/Chile,cannyCountries/cl.png
Cameroon,flags-normal/cm.png,Yaoundé,https://en.wikipedia.org/wiki/Cameroon,cannyCountries/cm.png
The People's Republic of China,flags-normal/cn.png,Beijing,https://en.wikipedia.org/wiki/China,cannyCountries/cn.png
Colombia,flags-normal/co.png,Bogotá,https://en.wikipedia.org/wiki/Colombia,cannyCountries/co.png
Costa Rica,flags-normal/cr.png,San José,https://en.wikipedia.org/wiki/Costa_Rica,cannyCountries/cr.png
Cuba,flags-normal/cu.png,Havana,https://en.wikipedia.org/wiki/Cuba,cannyCountries/cu.png
Cape Verde,flags-normal/cv.png,Praia,https://en.wikipedia.org/wiki/Cape_Verde,cannyCountries/cv.png
Cyprus,flags-normal/cy.png,Nicosia,https://en.wikipedia.org/wiki/Cyprus,cannyCountries/cy.png
The Czech Republic,flags-normal/cz.png,Prague,https://en.wikipedia.org/wiki/Czech_Republic,cannyCountries/cz.png
Germany,flags-normal/de.png,Berlin,https://en.wikipedia.org/wiki/Germany,cannyCountries/de.png
Djibouti,flags-normal/dj.png,Djibouti,https://en.wikipedia.org/wiki/Djibouti,cannyCountries/dj.png
Denmark,flags-normal/dk.png,Copenhagen,https://en.wikipedia.org/wiki/Denmark,cannyCountries/dk.png
Dominica,flags-normal/dm.png,Roseau,https://en.wikipedia.org/wiki/Dominica,cannyCountries/dm.png
The Dominican Republic,flags-normal/do.png,Santo Domingo,https://en.wikipedia.org/wiki/Dominican_Republic,cannyCountries/do.png
Algeria,flags-normal/dz.png,Algiers,https://en.wikipedia.org/wiki/Algeria,cannyCountries/dz.png
Ecuador,flags-normal/ec.png,Quito,https://en.wikipedia.org/wiki/Ecuador,cannyCountries/ec.png
Estonia,flags-normal/ee.png,Tallinn,https://en.wikipedia.org/wiki/Estonia,cannyCountries/ee.png
Egypt,flags-normal/eg.png,Cairo,https://en.wikipedia.org/wiki/Egypt,cannyCountries/eg.png
Western Sahara,flags-normal/eh.png,Laayoune,https://en.wikipedia.org/wiki/Western_Sahara,cannyCountries/eh.png
Eritrea,flags-normal/er.png,Asmara,https://en.wikipedia.org/wiki/Eritrea,cannyCountries/er.png
Spain,flags-normal/es.png,Madrid,https://en.wikipedia.org/wiki/Spain,cannyCountries/es.png
Ethiopia,flags-normal/et.png,Addis Ababa,https://en.wikipedia.org/wiki/Ethiopia,cannyCountries/et.png
Finland,flags-normal/fi.png,Helsinki,https://en.wikipedia.org/wiki/Finland,cannyCountries/fi.png
Fiji,flags-normal/fj.png,Suva,https://en.wikipedia.org/wiki/Fiji,cannyCountries/fj.png
Micronesia,flags-normal/fm.png,Palikir,https://en.wikipedia.org/wiki/Federated_States_of_Micronesia,cannyCountries/fm.png
France,flags-normal/fr.png,Paris,https://en.wikipedia.org/wiki/France,cannyCountries/fr.png
Gabon,flags-normal/ga.png,Libreville,https://en.wikipedia.org/wiki/Gabon,cannyCountries/ga.png
The United Kingdom,flags-normal/gb.png,London,https://en.wikipedia.org/wiki/Great_Britain,cannyCountries/gb.png
Grenada,flags-normal/gd.png,St. George's,https://en.wikipedia.org/wiki/Grenada,cannyCountries/gd.png
Georgia,flags-normal/ge.png,Tbilisi,https://en.wikipedia.org/wiki/Georgia_(country),cannyCountries/ge.png
Ghana,flags-normal/gh.png,Accra,https://en.wikipedia.org/wiki/Ghana,cannyCountries/gh.png
The Gambia,flags-normal/gm.png,Banjul,https://en.wikipedia.org/wiki/The_Gambia,cannyCountries/gm.png
Guinea,flags-normal/gn.png,Conakry,https://en.wikipedia.org/wiki/Guinea,cannyCountries/gn.png
Equatorial Guinea,flags-normal/gq.png,Malabo,https://en.wikipedia.org/wiki/Equatorial_Guinea,cannyCountries/gq.png
Greece,flags-normal/gr.png,Athens,https://en.wikipedia.org/wiki/Greece,cannyCountries/gr.png
Guatemala,flags-normal/gt.png,Guatemala City,https://en.wikipedia.org/wiki/Guatemala,cannyCountries/gt.png
Guinea-Bissau,flags-normal/gw.png,Bissau,https://en.wikipedia.org/wiki/Guinea-Bissau,cannyCountries/gw.png
Guyana,flags-normal/gy.png,Georgetown,https://en.wikipedia.org/wiki/Guyana,cannyCountries/gy.png
Honduras,flags-normal/hn.png,Tegucigalpa,https://en.wikipedia.org/wiki/Honduras,cannyCountries/hn.png
Croatia,flags-normal/hr.png,Zagreb,https://en.wikipedia.org/wiki/Croatia,cannyCountries/hr.png
Haiti,flags-normal/ht.png,Port-au-Prince,https://en.wikipedia.org/wiki/Haiti,cannyCountries/ht.png
Hungary,flags-normal/hu.png,Budapest,https://en.wikipedia.org/wiki/Hungary,cannyCountries/hu.png
Indonesia,flags-normal/id.png,Jakarta,https://en.wikipedia.org/wiki/Indonesia,cannyCountries/id.png
Ireland,flags-normal/ie.png,Dublin,https://en.wikipedia.org/wiki/Ireland,cannyCountries/ie.png
Israel,flags-normal/il.png,Jerusalem,https://en.wikipedia.org/wiki/Israel,cannyCountries/il.png
India,flags-normal/in.png,New Delhi,https://en.wikipedia.org/wiki/India,cannyCountries/in.png
Iraq,flags-normal/iq.png,Baghdad,https://en.wikipedia.org/wiki/Iraq,cannyCountries/iq.png
Iran,flags-normal/ir.png,Tehran,https://en.wikipedia.org/wiki/Iran,cannyCountries/ir.png
Iceland,flags-normal/is.png,Reykjavík,https://en.wikipedia.org/wiki/Iceland,cannyCountries/is.png
Italy,flags-normal/it.png,Rome,https://en.wikipedia.org/wiki/Italy,cannyCountries/it.png
Jamaica,flags-normal/jm.png,Kingston,https://en.wikipedia.org/wiki/Jamaica,cannyCountries/jm.png
Jordan,flags-normal/jo.png,Amman,https://en.wikipedia.org/wiki/Jordan,cannyCountries/jo.png
Japan,flags-normal/jp.png,Tokyo,https://en.wikipedia.org/wiki/Japan,cannyCountries/jp.png
Kenya,flags-normal/ke.png,Nairobi,https://en.wikipedia.org/wiki/Kenya,cannyCountries/ke.png
Kyrgyzstan,flags-normal/kg.png,Bishkek,https://en.wikipedia.org/wiki/Kyrgyzstan,cannyCountries/kg.png
Cambodia,flags-normal/kh.png,Phnom Penh,https://en.wikipedia.org/wiki/Cambodia,cannyCountries/kh.png
Kiribati,flags-normal/ki.png,South Tarawa,https://en.wikipedia.org/wiki/Kiribati,cannyCountries/ki.png
The Comoros,flags-normal/km.png,Moroni,https://en.wikipedia.org/wiki/Comoros,cannyCountries/km.png
Saint Kitts and Nevis,flags-normal/kn.png,Basseterre,https://en.wikipedia.org/wiki/Saint_Kitts_and_Nevis,cannyCountries/kn.png
North Korea,flags-normal/kp.png,Pyongyang,https://en.wikipedia.org/wiki/North_Korea,cannyCountries/kp.png
South Korea,flags-normal/kr.png,Seoul,https://en.wikipedia.org/wiki/South_Korea,cannyCountries/kr.png
Kosovo,flags-normal/ks.png,Pristina,https://en.wikipedia.org/wiki/Kosovo,cannyCountries/ks.png
Kuwait,flags-normal/kw.png,Kuwait City,https://en.wikipedia.org/wiki/Kuwait,cannyCountries/kw.png
Kazakhstan,flags-normal/kz.png,Astana,https://en.wikipedia.org/wiki/Kazakhstan,cannyCountries/kz.png
Laos,flags-normal/la.png,Vientiane,https://en.wikipedia.org/wiki/Laos,cannyCountries/la.png
Lebanon,flags-normal/lb.png,Beirut,https://en.wikipedia.org/wiki/Lebanon,cannyCountries/lb.png
Saint Lucia,flags-normal/lc.png,Castries,https://en.wikipedia.org/wiki/Saint_Lucia,cannyCountries/lc.png
Liechtenstein,flags-normal/li.png,Vaduz,https://en.wikipedia.org/wiki/Liechtenstein,cannyCountries/li.png
Sri Lanka,flags-normal/lk.png,Colombo,https://en.wikipedia.org/wiki/Sri_Lanka,cannyCountries/lk.png
Liberia,flags-normal/lr.png,Monrovia,https://en.wikipedia.org/wiki/Liberia,cannyCountries/lr.png
Lesotho,flags-normal/ls.png,Maseru,https://en.wikipedia.org/wiki/Lesotho,cannyCountries/ls.png
Lithuania,flags-normal/lt.png,Vilnius,https://en.wikipedia.org/wiki/Lithuania,cannyCountries/lt.png
Sierra Leone,flags-normal/lu.png,Freetown,https://en.wikipedia.org/wiki/Sierra_Leone,cannyCountries/lu.png
Latvia,flags-normal/lv.png,Riga,https://en.wikipedia.org/wiki/Latvia,cannyCountries/lv.png
Libya,flags-normal/ly.png,Tripoli,https://en.wikipedia.org/wiki/Libya,cannyCountries/ly.png
Morocco,flags-normal/ma.png,Rabat,https://en.wikipedia.org/wiki/Morocco,cannyCountries/ma.png
Monaco,flags-normal/mc.png,Monaco,https://en.wikipedia.org/wiki/Monaco,cannyCountries/mc.png
Moldova,flags-normal/md.png,Chisinau,https://en.wikipedia.org/wiki/Moldova,cannyCountries/md.png
Montenegro,flags-normal/me.png,Rodgorica,https://en.wikipedia.org/wiki/Montenegro,cannyCountries/me.png
Madagascar,flags-normal/mg.png,Antananarivo,https://en.wikipedia.org/wiki/Madagascar,cannyCountries/mg.png
The Marshall Islands,flags-normal/mh.png,Majuro,https://en.wikipedia.org/wiki/Marshall_Islands,cannyCountries/mh.png
Macedonia,flags-normal/mk.png,Skopje,https://en.wikipedia.org/wiki/Republic_of_Macedonia,cannyCountries/mk.png
Mali,flags-normal/ml.png,Bamako,https://en.wikipedia.org/wiki/Mali,cannyCountries/ml.png
Myanmar,flags-normal/mm.png,Naypyidaw,https://en.wikipedia.org/wiki/Naypidaw,cannyCountries/mm.png
Mongolia,flags-normal/mn.png,Ulaanbaatar,https://en.wikipedia.org/wiki/Mongolia,cannyCountries/mn.png
Mauritania,flags-normal/mr.png,Nouakchott,https://en.wikipedia.org/wiki/Mauritania,cannyCountries/mr.png
Malta,flags-normal/mt.png,Valletta,https://en.wikipedia.org/wiki/Malta,cannyCountries/mt.png
Mauritius,flags-normal/mu.png,Port Louis,https://en.wikipedia.org/wiki/Mauritius,cannyCountries/mu.png
Maldives,flags-normal/mv.png,Malé,https://en.wikipedia.org/wiki/Maldives,cannyCountries/mv.png
Malawi,flags-normal/mw.png,Lilongwe,https://en.wikipedia.org/wiki/Malawi,cannyCountries/mw.png
Mexico,flags-normal/mx.png,Mexcio City,https://en.wikipedia.org/wiki/Mexico,cannyCountries/mx.png
Malaysia,flags-normal/my.png,Kuala Lumpur,https://en.wikipedia.org/wiki/Malaysia,cannyCountries/my.png
Mozambique,flags-normal/mz.png,Maputo,https://en.wikipedia.org/wiki/Mozambique,cannyCountries/mz.png
Namibia,flags-normal/na.png,Windhoek,https://en.wikipedia.org/wiki/Namibia,cannyCountries/na.png
Niger,flags-normal/ne.png,Niamey,https://en.wikipedia.org/wiki/Niger,cannyCountries/ne.png
Nigeria,flags-normal/ng.png,Abuja,https://en.wikipedia.org/wiki/Nigeria,cannyCountries/ng.png
Nicaragua,flags-normal/ni.png,Managua,https://en.wikipedia.org/wiki/Nicaragua,cannyCountries/ni.png
Netherlands,flags-normal/nl.png,Amsterdam,https://en.wikipedia.org/wiki/Netherlands,cannyCountries/nl.png
Norway,flags-normal/no.png,Oslo,https://en.wikipedia.org/wiki/Norway,cannyCountries/no.png
Nepal,flags-normal/np.png,Kathmandu,https://en.wikipedia.org/wiki/Nepal,cannyCountries/np.png
Nauru,flags-normal/nr.png,Yaren District,https://en.wikipedia.org/wiki/Nauru,cannyCountries/nr.png
New Zealand,flags-normal/nz.png,Wellington,https://en.wikipedia.org/wiki/New_Zealand,cannyCountries/nz.png
Oman,flags-normal/om.png,Muscat,https://en.wikipedia.org/wiki/Oman,cannyCountries/om.png
Panama,flags-normal/pa.png,Panama City,https://en.wikipedia.org/wiki/Panama,cannyCountries/pa.png
Peru,flags-normal/pe.png,Lima,https://en.wikipedia.org/wiki/Peru,cannyCountries/pe.png
Papua New Guinea,flags-normal/pg.png,Port Moresby,https://en.wikipedia.org/wiki/Papua_New_Guinea,cannyCountries/pg.png
The Philippines,flags-normal/ph.png,Manila,https://en.wikipedia.org/wiki/Philippines,cannyCountries/ph.png
Pakistan,flags-normal/pk.png,Islamabad,https://en.wikipedia.org/wiki/Pakistan,cannyCountries/pk.png
Poland,flags-normal/pl.png,Warsaw,https://en.wikipedia.org/wiki/Poland,cannyCountries/pl.png
Portugal,flags-normal/pt.png,Lisbon,https://en.wikipedia.org/wiki/Portugal,cannyCountries/pt.png
Palau,flags-normal/pw.png,Ngerulmud,https://en.wikipedia.org/wiki/Palau,cannyCountries/pw.png
Paraguay,flags-normal/py.png,Asunción,https://en.wikipedia.org/wiki/Paraguay,cannyCountries/py.png
Qatar,flags-normal/qa.png,Doha,https://en.wikipedia.org/wiki/Qatar,cannyCountries/qa.png
Romania,flags-normal/ro.png,Bucharest,https://en.wikipedia.org/wiki/Romania,cannyCountries/ro.png
Serbia,flags-normal/rs.png,Belgrade,https://en.wikipedia.org/wiki/Serbia,cannyCountries/rs.png
Russia,flags-normal/ru.png,Moscow,https://en.wikipedia.org/wiki/Russia,cannyCountries/ru.png
Rwanda,flags-normal/rw.png,Kigali,https://en.wikipedia.org/wiki/Rwanda,cannyCountries/rw.png
Saudi Arabia,flags-normal/sa.png,Riyadh,https://en.wikipedia.org/wiki/Saudi_Arabia,cannyCountries/sa.png
The Soloman Islands,flags-normal/sb.png,Honiara,https://en.wikipedia.org/wiki/Solomon_Islands,cannyCountries/sb.png
The Seychelles,flags-normal/sc.png,Victoria,https://en.wikipedia.org/wiki/Seychelles,cannyCountries/sc.png
Sudan,flags-normal/sd.png,Khartoum,https://en.wikipedia.org/wiki/Sudan,cannyCountries/sd.png
Sweden,flags-normal/se.png,Stockholm,https://en.wikipedia.org/wiki/Sweden,cannyCountries/se.png
Singapore,flags-normal/sg.png,Singapore,https://en.wikipedia.org/wiki/Singapore,cannyCountries/sg.png
Slovenia,flags-normal/si.png,Ljubljana,https://en.wikipedia.org/wiki/Slovenia,cannyCountries/si.png
Slovakia,flags-normal/sk.png,Bratislava,https://en.wikipedia.org/wiki/Slovakia,cannyCountries/sk.png
Sierra Leone,flags-normal/sl.png,Freetown,https://en.wikipedia.org/wiki/Sierra_Leone,cannyCountries/sl.png
San Marino,flags-normal/sm.png,San Marino,https://en.wikipedia.org/wiki/San_Marino,cannyCountries/sm.png
Senegal,flags-normal/sn.png,Dakar,https://en.wikipedia.org/wiki/Senegal,cannyCountries/sn.png
Somalia,flags-normal/so.png,Mogadishu,https://en.wikipedia.org/wiki/Somalia,cannyCountries/so.png
Suriname,flags-normal/sr.png,Paramaribo,https://en.wikipedia.org/wiki/Suriname,cannyCountries/sr.png
Sao Tome and Principe,flags-normal/st.png,São Tomé,https://en.wikipedia.org/wiki/São_Tomé_and_Príncipe,cannyCountries/st.png
El Savador,flags-normal/sv.png,San Salvador,https://en.wikipedia.org/wiki/El_Salvador,cannyCountries/sv.png
Syria,flags-normal/sy.png,Damascus,https://en.wikipedia.org/wiki/Syria,cannyCountries/sy.png
Swaziland,flags-normal/sz.png,Mbabane,https://en.wikipedia.org/wiki/Swaziland,cannyCountries/sz.png
Romania,flags-normal/td.png,Bucharest,https://en.wikipedia.org/wiki/Romania,cannyCountries/td.png
Togo,flags-normal/tg.png,Lomé,https://en.wikipedia.org/wiki/Togo,cannyCountries/tg.png
Thailand,flags-normal/th.png,Bangkok,https://en.wikipedia.org/wiki/Thailand,cannyCountries/th.png
Tajikistan,flags-normal/tj.png,Dushanbe,https://en.wikipedia.org/wiki/Tajikistan,cannyCountries/tj.png
East Timor,flags-normal/tl.png,Dili,https://en.wikipedia.org/wiki/East_Timor,cannyCountries/tl.png
Turkmenistan,flags-normal/tm.png,Ashgabat,https://en.wikipedia.org/wiki/Turkmenistan,cannyCountries/tm.png
Tunisia,flags-normal/tn.png,Tunis,https://en.wikipedia.org/wiki/Tunisia,cannyCountries/tn.png
Tonga,flags-normal/to.png,Nuku'alofa,https://en.wikipedia.org/wiki/Tonga,cannyCountries/to.png
Turkey,flags-normal/tr.png,Ankara,https://en.wikipedia.org/wiki/Turkey,cannyCountries/tr.png
Tinidad and Tobago,flags-normal/tt.png,Port of Spain,https://en.wikipedia.org/wiki/Trinidad_and_Tobago,cannyCountries/tt.png
Tuvalu,flags-normal/tv.png,Funafuti,https://en.wikipedia.org/wiki/Tuvalu,cannyCountries/tv.png
The Republic of China,flags-normal/tw.png,Taipei,https://en.wikipedia.org/wiki/Taiwan,cannyCountries/tw.png
Tanzania,flags-normal/tz.png,Dodoma,https://en.wikipedia.org/wiki/Tanzania,cannyCountries/tz.png
Ukraine,flags-normal/ua.png,Kiev,https://en.wikipedia.org/wiki/Ukraine,cannyCountries/ua.png
Uganda,flags-normal/ug.png,Kampala,https://en.wikipedia.org/wiki/Uganda,cannyCountries/ug.png
The United States of America,flags-normal/us.png,Washington,https://en.wikipedia.org/wiki/United_States,cannyCountries/us.png
Uruguay,flags-normal/uy.png,Montevideo,https://en.wikipedia.org/wiki/Uruguay,cannyCountries/uy.png
Uzbekistan,flags-normal/uz.png,Tashkent,https://en.wikipedia.org/wiki/Uzbekistan,cannyCountries/uz.png
The Vatican City,flags-normal/va.png,Vatican City,https://en.wikipedia.org/wiki/Vatican_City,cannyCountries/va.png
Saint Vincent and the Grenadines,flags-normal/vc.png,Kingstown,https://en.wikipedia.org/wiki/Saint_Vincent_and_the_Grenadines,cannyCountries/vc.png
Venezuela,flags-normal/ve.png,Caracas,https://en.wikipedia.org/wiki/Venezuela,cannyCountries/ve.png
Vietnam,flags-normal/vn.png,Hanoi,https://en.wikipedia.org/wiki/Vietnam,cannyCountries/vn.png
Vanuatu,flags-normal/vu.png,Port Vila,https://en.wikipedia.org/wiki/Vanuatu,cannyCountries/vu.png
Samoa,flags-normal/ws.png,Apia,https://en.wikipedia.org/wiki/Samoa,cannyCountries/ws.png
Yemen,flags-normal/ye.png,Sanaá,https://en.wikipedia.org/wiki/Yemen,cannyCountries/ye.png
South Africa,flags-normal/za.png,Pretoria,https://en.wikipedia.org/wiki/South_Africa,cannyCountries/za.png
Zambia,flags-normal/zm.png,Lusaka,https://en.wikipedia.org/wiki/Zambia,cannyCountries/zm.png
Zimbabwe,flags-normal/zw.png,Harare,https://en.wikipedia.org/wiki/Zimbabwe,cannyCountries/zw.png